date,source,impressions,clicks,spend,sessions,conversions
2025-05-27,ga4,,,,977.0,
2025-05-27,google_ads,14500.0,290.0,290.13,,6.0
2025-05-27,meta_ads,19550.0,391.0,391.68,,8.0
2025-05-27,search_console,1394.0,93.0,,,
2025-05-28,ga4,,,,969.0,
2025-05-28,google_ads,15450.0,309.0,307.97,,6.0
2025-05-28,meta_ads,19900.0,398.0,397.69,,8.0
2025-05-28,search_console,1367.0,92.0,,,
2025-05-29,ga4,,,,1006.0,
2025-05-29,google_ads,15450.0,309.0,308.40999999999997,,6.0
2025-05-29,meta_ads,20450.0,409.0,409.14,,8.0
2025-05-29,search_console,1298.0,89.0,,,
2025-05-30,ga4,,,,1055.0,
2025-05-30,google_ads,14800.0,296.0,296.03,,6.0
2025-05-30,meta_ads,19200.0,384.0,383.6,,8.0
2025-05-30,search_console,1362.0,92.0,,,
2025-05-31,ga4,,,,1193.0,
2025-05-31,google_ads,17650.0,353.0,352.81,,7.0
2025-05-31,meta_ads,23350.0,467.0,467.5,,8.0
2025-05-31,search_console,1355.0,92.0,,,
2025-06-01,ga4,,,,1175.0,
2025-06-01,google_ads,17850.0,357.0,356.11,,7.0
2025-06-01,meta_ads,24300.0,486.0,485.57,,10.0
2025-06-01,search_console,1307.0,88.0,,,
2025-06-02,ga4,,,,991.0,
2025-06-02,google_ads,15250.0,305.0,304.71,,6.0
2025-06-02,meta_ads,19350.0,387.0,387.23,,8.0
2025-06-02,search_console,1344.0,92.0,,,
2025-06-03,ga4,,,,993.0,
2025-06-03,google_ads,13850.0,277.0,277.5,,6.0
2025-06-03,meta_ads,20050.0,401.0,399.83000000000004,,8.0
2025-06-03,search_console,1317.0,90.0,,,
2025-06-04,ga4,,,,998.0,
2025-06-04,google_ads,14900.0,298.0,298.51,,6.0
2025-06-04,meta_ads,19050.0,381.0,381.82,,8.0
2025-06-04,search_console,1349.0,93.0,,,
2025-06-05,ga4,,,,1000.0,
2025-06-05,google_ads,14350.0,287.0,286.8,,6.0
2025-06-05,meta_ads,20050.0,401.0,400.93,,8.0
2025-06-05,search_console,1352.0,93.0,,,
2025-06-06,ga4,,,,948.0,
2025-06-06,google_ads,15550.0,311.0,311.45,,6.0
2025-06-06,meta_ads,19850.0,397.0,397.36,,8.0
2025-06-06,search_console,1319.0,89.0,,,
2025-06-07,ga4,,,,1148.0,
2025-06-07,google_ads,18100.0,362.0,362.3,,6.0
2025-06-07,meta_ads,22500.0,450.0,450.3,,8.0
2025-06-07,search_console,1316.0,89.0,,,
2025-06-08,ga4,,,,1240.0,
2025-06-08,google_ads,18100.0,362.0,362.13,,7.0
2025-06-08,meta_ads,24450.0,489.0,488.02,,10.0
2025-06-08,search_console,1303.0,88.0,,,
2025-06-09,ga4,,,,1047.0,
2025-06-09,google_ads,15150.0,303.0,302.85,,6.0
2025-06-09,meta_ads,20500.0,410.0,409.89,,8.0
2025-06-09,search_console,1329.0,88.0,,,
2025-06-10,ga4,,,,1024.0,
2025-06-10,google_ads,14650.0,293.0,292.8,,6.0
2025-06-10,meta_ads,19700.0,394.0,394.16999999999996,,8.0
2025-06-10,search_console,1325.0,88.0,,,
2025-06-11,ga4,,,,1019.0,
2025-06-11,google_ads,14550.0,291.0,290.48,,6.0
2025-06-11,meta_ads,21500.0,430.0,428.98,,8.0
2025-06-11,search_console,1379.0,93.0,,,
2025-06-12,ga4,,,,1023.0,
2025-06-12,google_ads,15800.0,316.0,316.1,,6.0
2025-06-12,meta_ads,19500.0,390.0,390.64,,8.0
2025-06-12,search_console,1304.0,87.0,,,
2025-06-13,ga4,,,,1019.0,
2025-06-13,google_ads,15050.0,301.0,300.13,,6.0
2025-06-13,meta_ads,21400.0,428.0,427.83,,8.0
2025-06-13,search_console,1289.0,90.0,,,
2025-06-14,ga4,,,,1205.0,
2025-06-14,google_ads,18150.0,363.0,362.9,,7.0
2025-06-14,meta_ads,23400.0,468.0,468.31,,9.0
2025-06-14,search_console,1282.0,89.0,,,
2025-06-15,ga4,,,,1179.0,
2025-06-15,google_ads,18500.0,370.0,369.78,,8.0
2025-06-15,meta_ads,22800.0,456.0,455.7,,9.0
2025-06-15,search_console,1293.0,87.0,,,
2025-06-16,ga4,,,,1002.0,
2025-06-16,google_ads,15350.0,307.0,306.45,,6.0
2025-06-16,meta_ads,19600.0,392.0,392.73,,8.0
2025-06-16,search_console,1341.0,91.0,,,
2025-06-17,ga4,,,,959.0,
2025-06-17,google_ads,15900.0,318.0,318.19,,6.0
2025-06-17,meta_ads,19800.0,396.0,395.94,,8.0
2025-06-17,search_console,1275.0,87.0,,,
2025-06-18,ga4,,,,996.0,
2025-06-18,google_ads,15500.0,310.0,310.28,,6.0
2025-06-18,meta_ads,20350.0,407.0,406.71,,8.0
2025-06-18,search_console,1379.0,92.0,,,
2025-06-19,ga4,,,,989.0,
2025-06-19,google_ads,15000.0,300.0,300.2,,6.0
2025-06-19,meta_ads,19700.0,394.0,395.01,,8.0
2025-06-19,search_console,1278.0,87.0,,,
2025-06-20,ga4,,,,1015.0,
2025-06-20,google_ads,16300.0,326.0,325.1,,6.0
2025-06-20,meta_ads,20100.0,402.0,403.05,,8.0
2025-06-20,search_console,1412.0,97.0,,,
2025-06-21,ga4,,,,1151.0,
2025-06-21,google_ads,19000.0,380.0,379.67,,8.0
2025-06-21,meta_ads,22850.0,457.0,457.97,,9.0
2025-06-21,search_console,1406.0,96.0,,,
2025-06-22,ga4,,,,1225.0,
2025-06-22,google_ads,18200.0,364.0,363.18,,7.0
2025-06-22,meta_ads,24600.0,492.0,491.25,,10.0
2025-06-22,search_console,1333.0,90.0,,,
2025-06-23,ga4,,,,975.0,
2025-06-23,google_ads,14950.0,299.0,299.43,,6.0
2025-06-23,meta_ads,19650.0,393.0,393.13,,8.0
2025-06-23,search_console,1315.0,88.0,,,
2025-06-24,ga4,,,,974.0,
2025-06-24,google_ads,15150.0,303.0,302.36,,6.0
2025-06-24,meta_ads,20200.0,404.0,404.25,,8.0
2025-06-24,search_console,1288.0,88.0,,,
2025-06-25,ga4,,,,982.0,
2025-06-25,google_ads,14750.0,295.0,295.6,,6.0
2025-06-25,meta_ads,20700.0,414.0,414.02,,8.0
2025-06-25,search_console,1221.0,82.0,,,
2025-06-26,ga4,,,,1025.0,
2025-06-26,google_ads,15250.0,305.0,305.48,,6.0
2025-06-26,meta_ads,20350.0,407.0,406.54,,8.0
2025-06-26,search_console,1302.0,88.0,,,
2025-06-27,ga4,,,,992.0,
2025-06-27,google_ads,14250.0,285.0,284.23,,6.0
2025-06-27,meta_ads,19950.0,399.0,399.25,,8.0
2025-06-27,search_console,1377.0,91.0,,,
2025-06-28,ga4,,,,1222.0,
2025-06-28,google_ads,17500.0,350.0,349.53,,6.0
2025-06-28,meta_ads,24450.0,489.0,489.3,,9.0
2025-06-28,search_console,1336.0,92.0,,,
2025-06-29,ga4,,,,1197.0,
2025-06-29,google_ads,19250.0,385.0,385.7,,9.0
2025-06-29,meta_ads,24150.0,483.0,482.68,,9.0
2025-06-29,search_console,1340.0,91.0,,,
2025-06-30,ga4,,,,1049.0,
2025-06-30,google_ads,15650.0,313.0,313.62,,6.0
2025-06-30,meta_ads,20300.0,406.0,406.4,,8.0
2025-06-30,search_console,1327.0,87.0,,,
2025-07-01,ga4,,,,1036.0,
2025-07-01,google_ads,15150.0,303.0,303.25,,6.0
2025-07-01,meta_ads,20500.0,410.0,410.32,,8.0
2025-07-01,search_console,1331.0,91.0,,,
2025-07-02,ga4,,,,1046.0,
2025-07-02,google_ads,15500.0,310.0,309.99,,6.0
2025-07-02,meta_ads,19750.0,395.0,395.38,,8.0
2025-07-02,search_console,1314.0,90.0,,,
2025-07-03,ga4,,,,984.0,
2025-07-03,google_ads,14750.0,295.0,295.68,,6.0
2025-07-03,meta_ads,20200.0,404.0,402.95,,8.0
2025-07-03,search_console,1381.0,93.0,,,
2025-07-04,ga4,,,,1025.0,
2025-07-04,google_ads,15300.0,306.0,306.3,,6.0
2025-07-04,meta_ads,19850.0,397.0,396.93,,8.0
2025-07-04,search_console,1312.0,91.0,,,
2025-07-05,ga4,,,,1170.0,
2025-07-05,google_ads,17750.0,355.0,354.96,,7.0
2025-07-05,meta_ads,24250.0,485.0,484.37,,9.0
2025-07-05,search_console,1264.0,86.0,,,
2025-07-06,ga4,,,,1218.0,
2025-07-06,google_ads,18400.0,368.0,367.77,,6.0
2025-07-06,meta_ads,23800.0,476.0,475.72,,10.0
2025-07-06,search_console,1341.0,91.0,,,
2025-07-07,ga4,,,,1020.0,
2025-07-07,google_ads,14850.0,297.0,297.53,,6.0
2025-07-07,meta_ads,20500.0,410.0,410.1,,8.0
2025-07-07,search_console,1309.0,88.0,,,
2025-07-08,ga4,,,,1033.0,
2025-07-08,google_ads,15000.0,300.0,300.06,,6.0
2025-07-08,meta_ads,20400.0,408.0,408.98,,8.0
2025-07-08,search_console,1288.0,87.0,,,
2025-07-09,ga4,,,,958.0,
2025-07-09,google_ads,15500.0,310.0,309.88,,6.0
2025-07-09,meta_ads,19700.0,394.0,393.58,,8.0
2025-07-09,search_console,1335.0,89.0,,,
2025-07-10,ga4,,,,1033.0,
2025-07-10,google_ads,15500.0,310.0,311.27,,6.0
2025-07-10,meta_ads,20450.0,409.0,408.99,,8.0
2025-07-10,search_console,1316.0,90.0,,,
2025-07-11,ga4,,,,1005.0,
2025-07-11,google_ads,14750.0,295.0,295.56,,6.0
2025-07-11,meta_ads,20900.0,418.0,418.05,,8.0
2025-07-11,search_console,1325.0,89.0,,,
2025-07-12,ga4,,,,1196.0,
2025-07-12,google_ads,16650.0,333.0,333.16,,6.0
2025-07-12,meta_ads,22850.0,457.0,456.55,,8.0
2025-07-12,search_console,1334.0,90.0,,,
2025-07-13,ga4,,,,1190.0,
2025-07-13,google_ads,18950.0,379.0,379.37,,7.0
2025-07-13,meta_ads,24200.0,484.0,483.76,,9.0
2025-07-13,search_console,1362.0,93.0,,,
2025-07-14,ga4,,,,997.0,
2025-07-14,google_ads,15550.0,311.0,310.38,,6.0
2025-07-14,meta_ads,20150.0,403.0,402.78,,8.0
2025-07-14,search_console,1377.0,93.0,,,
2025-07-15,ga4,,,,1028.0,
2025-07-15,google_ads,15800.0,316.0,316.25,,6.0
2025-07-15,meta_ads,19550.0,391.0,391.08,,8.0
2025-07-15,search_console,1313.0,90.0,,,
2025-07-16,ga4,,,,1015.0,
2025-07-16,google_ads,14550.0,291.0,290.65999999999997,,6.0
2025-07-16,meta_ads,19650.0,393.0,393.13,,8.0
2025-07-16,search_console,1272.0,87.0,,,
2025-07-17,ga4,,,,1019.0,
2025-07-17,google_ads,14700.0,294.0,294.54999999999995,,6.0
2025-07-17,meta_ads,18550.0,371.0,371.63,,8.0
2025-07-17,search_console,1357.0,92.0,,,
2025-07-18,ga4,,,,980.0,
2025-07-18,google_ads,14800.0,296.0,296.57,,6.0
2025-07-18,meta_ads,20850.0,417.0,415.94,,8.0
2025-07-18,search_console,1334.0,90.0,,,
2025-07-19,ga4,,,,1222.0,
2025-07-19,google_ads,17700.0,354.0,353.82,,6.0
2025-07-19,meta_ads,24700.0,494.0,493.83000000000004,,9.0
2025-07-19,search_console,1298.0,88.0,,,
2025-07-20,ga4,,,,1246.0,
2025-07-20,google_ads,17700.0,354.0,353.90999999999997,,6.0
2025-07-20,meta_ads,24650.0,493.0,492.36,,9.0
2025-07-20,search_console,1296.0,89.0,,,
2025-07-21,ga4,,,,1002.0,
2025-07-21,google_ads,15350.0,307.0,306.42,,6.0
2025-07-21,meta_ads,20150.0,403.0,403.9,,8.0
2025-07-21,search_console,1251.0,85.0,,,
2025-07-22,ga4,,,,1000.0,
2025-07-22,google_ads,14500.0,290.0,289.57,,6.0
2025-07-22,meta_ads,19300.0,386.0,386.7,,8.0
2025-07-22,search_console,1354.0,91.0,,,
2025-07-23,ga4,,,,1028.0,
2025-07-23,google_ads,15400.0,308.0,307.98,,6.0
2025-07-23,meta_ads,19650.0,393.0,393.59000000000003,,8.0
2025-07-23,search_console,1374.0,94.0,,,
2025-07-24,ga4,,,,1016.0,
2025-07-24,google_ads,15550.0,311.0,310.97,,6.0
2025-07-24,meta_ads,19450.0,389.0,390.14,,8.0
2025-07-24,search_console,1302.0,90.0,,,
2025-07-25,ga4,,,,1035.0,
2025-07-25,google_ads,15600.0,312.0,311.22,,6.0
2025-07-25,meta_ads,19350.0,387.0,387.39,,8.0
2025-07-25,search_console,1375.0,94.0,,,
2025-07-26,ga4,,,,1189.0,
2025-07-26,google_ads,18850.0,377.0,376.85,,8.0
2025-07-26,meta_ads,24750.0,495.0,494.69,,10.0
2025-07-26,search_console,1346.0,92.0,,,
2025-07-27,ga4,,,,1229.0,
2025-07-27,google_ads,17700.0,354.0,354.06,,7.0
2025-07-27,meta_ads,23300.0,466.0,466.17,,8.0
2025-07-27,search_console,1362.0,92.0,,,
2025-07-28,ga4,,,,1024.0,
2025-07-28,google_ads,14500.0,290.0,289.71,,6.0
2025-07-28,meta_ads,19800.0,396.0,396.21000000000004,,8.0
2025-07-28,search_console,1307.0,90.0,,,
2025-07-29,ga4,,,,986.0,
2025-07-29,google_ads,14450.0,289.0,289.43,,6.0
2025-07-29,meta_ads,19000.0,380.0,380.17,,8.0
2025-07-29,search_console,1375.0,93.0,,,
2025-07-30,ga4,,,,1004.0,
2025-07-30,google_ads,15250.0,305.0,305.62,,6.0
2025-07-30,meta_ads,21450.0,429.0,428.93,,8.0
2025-07-30,search_console,1337.0,92.0,,,
2025-07-31,ga4,,,,965.0,
2025-07-31,google_ads,14550.0,291.0,291.69,,6.0
2025-07-31,meta_ads,19850.0,397.0,397.41999999999996,,8.0
2025-07-31,search_console,1344.0,91.0,,,
2025-08-01,ga4,,,,980.0,
2025-08-01,google_ads,15200.0,304.0,304.22,,6.0
2025-08-01,meta_ads,19600.0,392.0,392.03,,8.0
2025-08-01,search_console,1319.0,90.0,,,
2025-08-02,ga4,,,,1217.0,
2025-08-02,google_ads,18800.0,376.0,376.08000000000004,,8.0
2025-08-02,meta_ads,24400.0,488.0,487.95,,9.0
2025-08-02,search_console,1323.0,90.0,,,
2025-08-03,ga4,,,,1161.0,
2025-08-03,google_ads,16950.0,339.0,339.11,,6.0
2025-08-03,meta_ads,25000.0,500.0,500.05,,11.0
2025-08-03,search_console,1311.0,89.0,,,
2025-08-04,ga4,,,,967.0,
2025-08-04,google_ads,15500.0,310.0,309.94,,6.0
2025-08-04,meta_ads,19800.0,396.0,397.25,,8.0
2025-08-04,search_console,1301.0,87.0,,,
2025-08-05,ga4,,,,948.0,
2025-08-05,google_ads,15100.0,302.0,302.36,,6.0
2025-08-05,meta_ads,20450.0,409.0,409.32,,8.0
2025-08-05,search_console,1323.0,91.0,,,
2025-08-06,ga4,,,,983.0,
2025-08-06,google_ads,15500.0,310.0,310.23,,6.0
2025-08-06,meta_ads,20550.0,411.0,410.43,,8.0
2025-08-06,search_console,1238.0,84.0,,,
2025-08-07,ga4,,,,986.0,
2025-08-07,google_ads,14850.0,297.0,296.68,,6.0
2025-08-07,meta_ads,19850.0,397.0,397.68,,8.0
2025-08-07,search_console,1372.0,93.0,,,
2025-08-08,ga4,,,,995.0,
2025-08-08,google_ads,14050.0,281.0,281.23,,6.0
2025-08-08,meta_ads,20050.0,401.0,402.15,,8.0
2025-08-08,search_console,1323.0,92.0,,,
2025-08-09,ga4,,,,1166.0,
2025-08-09,google_ads,16850.0,337.0,337.29,,6.0
2025-08-09,meta_ads,24450.0,489.0,489.53,,9.0
2025-08-09,search_console,1354.0,91.0,,,
2025-08-10,ga4,,,,1238.0,
2025-08-10,google_ads,17850.0,357.0,357.8,,7.0
2025-08-10,meta_ads,24400.0,488.0,487.14,,10.0
2025-08-10,search_console,1303.0,88.0,,,
2025-08-11,ga4,,,,1060.0,
2025-08-11,google_ads,14350.0,287.0,286.89,,6.0
2025-08-11,meta_ads,18950.0,379.0,379.31,,8.0
2025-08-11,search_console,1324.0,90.0,,,
2025-08-12,ga4,,,,976.0,
2025-08-12,google_ads,15600.0,312.0,312.03,,6.0
2025-08-12,meta_ads,20300.0,406.0,405.53,,8.0
2025-08-12,search_console,1356.0,91.0,,,
2025-08-13,ga4,,,,995.0,
2025-08-13,google_ads,15400.0,308.0,308.78,,6.0
2025-08-13,meta_ads,19250.0,385.0,384.5,,8.0
2025-08-13,search_console,1379.0,91.0,,,
2025-08-14,ga4,,,,1010.0,
2025-08-14,google_ads,15450.0,309.0,309.25,,6.0
2025-08-14,meta_ads,20900.0,418.0,418.9,,8.0
2025-08-14,search_console,1318.0,89.0,,,
2025-08-15,ga4,,,,1007.0,
2025-08-15,google_ads,14200.0,284.0,284.21,,6.0
2025-08-15,meta_ads,20050.0,401.0,401.34,,8.0
2025-08-15,search_console,1255.0,85.0,,,
2025-08-16,ga4,,,,1162.0,
2025-08-16,google_ads,18750.0,375.0,374.58,,8.0
2025-08-16,meta_ads,23700.0,474.0,472.91999999999996,,9.0
2025-08-16,search_console,1377.0,94.0,,,
2025-08-17,ga4,,,,1186.0,
2025-08-17,google_ads,17800.0,356.0,355.95,,7.0
2025-08-17,meta_ads,24800.0,496.0,495.68,,9.0
2025-08-17,search_console,1324.0,90.0,,,
2025-08-18,ga4,,,,975.0,
2025-08-18,google_ads,15200.0,304.0,303.74,,6.0
2025-08-18,meta_ads,19300.0,386.0,386.32,,8.0
2025-08-18,search_console,1333.0,91.0,,,
2025-08-19,ga4,,,,986.0,
2025-08-19,google_ads,14200.0,284.0,283.81,,6.0
2025-08-19,meta_ads,20750.0,415.0,414.31,,8.0
2025-08-19,search_console,1314.0,90.0,,,
2025-08-20,ga4,,,,932.0,
2025-08-20,google_ads,15050.0,301.0,300.95,,6.0
2025-08-20,meta_ads,18450.0,369.0,369.93,,8.0
2025-08-20,search_console,1328.0,89.0,,,
2025-08-21,ga4,,,,972.0,
2025-08-21,google_ads,15450.0,309.0,308.63,,6.0
2025-08-21,meta_ads,19300.0,386.0,385.53999999999996,,8.0
2025-08-21,search_console,1293.0,87.0,,,
2025-08-22,ga4,,,,1039.0,
2025-08-22,google_ads,16300.0,326.0,326.01,,6.0
2025-08-22,meta_ads,20600.0,412.0,412.14,,8.0
2025-08-22,search_console,1337.0,89.0,,,
2025-08-23,ga4,,,,1218.0,
2025-08-23,google_ads,18250.0,365.0,364.6,,6.0
2025-08-23,meta_ads,23600.0,472.0,471.33,,9.0
2025-08-23,search_console,1373.0,93.0,,,
2025-08-24,ga4,,,,1217.0,
2025-08-24,google_ads,18600.0,372.0,371.59,,8.0
2025-08-24,meta_ads,24650.0,493.0,493.78,,10.0
2025-08-24,search_console,1265.0,85.0,,,
2025-08-25,ga4,,,,947.0,
2025-08-25,google_ads,14950.0,299.0,298.08,,6.0
2025-08-25,meta_ads,20950.0,419.0,418.27,,8.0
2025-08-25,search_console,1395.0,93.0,,,
2025-08-26,ga4,,,,975.0,
2025-08-26,google_ads,14500.0,290.0,290.47,,6.0
2025-08-26,meta_ads,19550.0,391.0,390.67,,8.0
2025-08-26,search_console,1235.0,84.0,,,
2025-08-27,ga4,,,,998.0,
2025-08-27,google_ads,14950.0,299.0,299.73,,6.0
2025-08-27,meta_ads,20600.0,412.0,411.94,,8.0
2025-08-27,search_console,1315.0,89.0,,,
2025-08-28,ga4,,,,996.0,
2025-08-28,google_ads,15100.0,302.0,301.19,,6.0
2025-08-28,meta_ads,20600.0,412.0,411.52,,8.0
2025-08-28,search_console,1312.0,91.0,,,
2025-08-29,ga4,,,,1026.0,
2025-08-29,google_ads,15250.0,305.0,305.39,,6.0
2025-08-29,meta_ads,19750.0,395.0,394.09000000000003,,8.0
2025-08-29,search_console,1303.0,90.0,,,
2025-08-30,ga4,,,,1185.0,
2025-08-30,google_ads,17950.0,359.0,359.57,,7.0
2025-08-30,meta_ads,23400.0,468.0,467.96,,9.0
2025-08-30,search_console,1252.0,84.0,,,
2025-08-31,ga4,,,,1200.0,
2025-08-31,google_ads,17500.0,350.0,349.69,,6.0
2025-08-31,meta_ads,24850.0,497.0,497.63,,9.0
2025-08-31,search_console,1338.0,91.0,,,
2025-09-01,ga4,,,,1008.0,
2025-09-01,google_ads,15450.0,309.0,308.52,,6.0
2025-09-01,meta_ads,19800.0,396.0,396.58000000000004,,8.0
2025-09-01,search_console,1384.0,93.0,,,
2025-09-02,ga4,,,,974.0,
2025-09-02,google_ads,14750.0,295.0,295.49,,6.0
2025-09-02,meta_ads,20000.0,400.0,399.46,,8.0
2025-09-02,search_console,1269.0,87.0,,,
2025-09-03,ga4,,,,1006.0,
2025-09-03,google_ads,14750.0,295.0,295.7,,6.0
2025-09-03,meta_ads,20100.0,402.0,401.92,,8.0
2025-09-03,search_console,1301.0,88.0,,,
2025-09-04,ga4,,,,1039.0,
2025-09-04,google_ads,14300.0,286.0,286.73,,6.0
2025-09-04,meta_ads,20150.0,403.0,402.98,,8.0
2025-09-04,search_console,1379.0,94.0,,,
2025-09-05,ga4,,,,1023.0,
2025-09-05,google_ads,14750.0,295.0,295.18,,6.0
2025-09-05,meta_ads,20150.0,403.0,402.65999999999997,,8.0
2025-09-05,search_console,1331.0,90.0,,,
2025-09-06,ga4,,,,1203.0,
2025-09-06,google_ads,18100.0,362.0,362.16999999999996,,7.0
2025-09-06,meta_ads,25050.0,501.0,500.45,,10.0
2025-09-06,search_console,1264.0,86.0,,,
2025-09-07,ga4,,,,1228.0,
2025-09-07,google_ads,18750.0,375.0,375.21,,8.0
2025-09-07,meta_ads,23250.0,465.0,466.06,,9.0
2025-09-07,search_console,1350.0,92.0,,,
2025-09-08,ga4,,,,957.0,
2025-09-08,google_ads,15100.0,302.0,301.14,,6.0
2025-09-08,meta_ads,19400.0,388.0,388.02,,8.0
2025-09-08,search_console,1298.0,90.0,,,
2025-09-09,ga4,,,,1034.0,
2025-09-09,google_ads,15100.0,302.0,302.17,,6.0
2025-09-09,meta_ads,20800.0,416.0,415.97,,8.0
2025-09-09,search_console,1311.0,90.0,,,
2025-09-10,ga4,,,,1011.0,
2025-09-10,google_ads,15450.0,309.0,309.32,,6.0
2025-09-10,meta_ads,19800.0,396.0,396.87,,8.0
2025-09-10,search_console,1267.0,87.0,,,
2025-09-11,ga4,,,,1023.0,
2025-09-11,google_ads,14950.0,299.0,298.58,,6.0
2025-09-11,meta_ads,19950.0,399.0,399.31,,8.0
2025-09-11,search_console,1272.0,86.0,,,
2025-09-12,ga4,,,,986.0,
2025-09-12,google_ads,14900.0,298.0,298.68,,6.0
2025-09-12,meta_ads,21050.0,421.0,420.26,,8.0
2025-09-12,search_console,1310.0,89.0,,,
2025-09-13,ga4,,,,1185.0,
2025-09-13,google_ads,17000.0,340.0,340.32,,6.0
2025-09-13,meta_ads,24350.0,487.0,488.15999999999997,,10.0
2025-09-13,search_console,1341.0,90.0,,,
2025-09-14,ga4,,,,1188.0,
2025-09-14,google_ads,18950.0,379.0,379.41999999999996,,9.0
2025-09-14,meta_ads,24050.0,481.0,481.02,,9.0
2025-09-14,search_console,1258.0,85.0,,,
2025-09-15,ga4,,,,968.0,
2025-09-15,google_ads,15450.0,309.0,309.13,,6.0
2025-09-15,meta_ads,20800.0,416.0,415.84000000000003,,8.0
2025-09-15,search_console,1305.0,89.0,,,
2025-09-16,ga4,,,,1044.0,
2025-09-16,google_ads,15300.0,306.0,306.21,,6.0
2025-09-16,meta_ads,20300.0,406.0,405.8,,8.0
2025-09-16,search_console,1362.0,91.0,,,
2025-09-17,ga4,,,,1019.0,
2025-09-17,google_ads,16100.0,322.0,321.5,,6.0
2025-09-17,meta_ads,19950.0,399.0,399.22,,8.0
2025-09-17,search_console,1303.0,88.0,,,
2025-09-18,ga4,,,,970.0,
2025-09-18,google_ads,14300.0,286.0,285.19,,6.0
2025-09-18,meta_ads,20800.0,416.0,416.93,,8.0
2025-09-18,search_console,1356.0,91.0,,,
2025-09-19,ga4,,,,958.0,
2025-09-19,google_ads,14350.0,287.0,287.31,,6.0
2025-09-19,meta_ads,21350.0,427.0,426.02,,8.0
2025-09-19,search_console,1261.0,86.0,,,
2025-09-20,ga4,,,,1200.0,
2025-09-20,google_ads,18050.0,361.0,360.99,,6.0
2025-09-20,meta_ads,25250.0,505.0,503.62,,11.0
2025-09-20,search_console,1257.0,86.0,,,
2025-09-21,ga4,,,,1212.0,
2025-09-21,google_ads,17950.0,359.0,359.03999999999996,,7.0
2025-09-21,meta_ads,22550.0,451.0,450.98,,8.0
2025-09-21,search_console,1387.0,94.0,,,
2025-09-22,ga4,,,,970.0,
2025-09-22,google_ads,14550.0,291.0,291.25,,6.0
2025-09-22,meta_ads,20050.0,401.0,400.39,,8.0
2025-09-22,search_console,1354.0,92.0,,,
2025-09-23,ga4,,,,981.0,
2025-09-23,google_ads,14950.0,299.0,298.98,,6.0
2025-09-23,meta_ads,19750.0,395.0,395.45,,8.0
2025-09-23,search_console,1261.0,85.0,,,
2025-09-24,ga4,,,,987.0,
2025-09-24,google_ads,14650.0,293.0,292.56,,6.0
2025-09-24,meta_ads,20400.0,408.0,407.62,,8.0
2025-09-24,search_console,1357.0,92.0,,,
2025-09-25,ga4,,,,995.0,
2025-09-25,google_ads,15500.0,310.0,309.42,,6.0
2025-09-25,meta_ads,20250.0,405.0,405.32,,8.0
2025-09-25,search_console,1244.0,85.0,,,
2025-09-26,ga4,,,,937.0,
2025-09-26,google_ads,14600.0,292.0,292.09000000000003,,6.0
2025-09-26,meta_ads,19900.0,398.0,398.97,,8.0
2025-09-26,search_console,1301.0,90.0,,,
2025-09-27,ga4,,,,1206.0,
2025-09-27,google_ads,18100.0,362.0,361.93,,7.0
2025-09-27,meta_ads,24950.0,499.0,498.53,,10.0
2025-09-27,search_console,1380.0,94.0,,,
2025-09-28,ga4,,,,1235.0,
2025-09-28,google_ads,18100.0,362.0,362.78,,7.0
2025-09-28,meta_ads,24350.0,487.0,487.86,,10.0
2025-09-28,search_console,1290.0,90.0,,,
2025-09-29,ga4,,,,997.0,
2025-09-29,google_ads,16100.0,322.0,321.4,,6.0
2025-09-29,meta_ads,19700.0,394.0,393.64,,8.0
2025-09-29,search_console,1352.0,94.0,,,
2025-09-30,ga4,,,,1018.0,
2025-09-30,google_ads,15250.0,305.0,304.61,,6.0
2025-09-30,meta_ads,20750.0,415.0,415.11,,8.0
2025-09-30,search_console,1341.0,91.0,,,
2025-10-01,ga4,,,,1013.0,
2025-10-01,google_ads,15050.0,301.0,301.40999999999997,,6.0
2025-10-01,meta_ads,19050.0,381.0,381.16,,8.0
2025-10-01,search_console,1321.0,89.0,,,
2025-10-02,ga4,,,,1045.0,
2025-10-02,google_ads,14900.0,298.0,298.57,,6.0
2025-10-02,meta_ads,20100.0,402.0,402.42,,8.0
2025-10-02,search_console,1300.0,89.0,,,
2025-10-03,ga4,,,,967.0,
2025-10-03,google_ads,15650.0,313.0,313.35,,6.0
2025-10-03,meta_ads,19800.0,396.0,395.98,,8.0
2025-10-03,search_console,1346.0,92.0,,,
2025-10-04,ga4,,,,1178.0,
2025-10-04,google_ads,17850.0,357.0,358.15999999999997,,7.0
2025-10-04,meta_ads,23500.0,470.0,470.23,,9.0
2025-10-04,search_console,1356.0,92.0,,,
2025-10-05,ga4,,,,1205.0,
2025-10-05,google_ads,17250.0,345.0,344.89,,6.0
2025-10-05,meta_ads,24200.0,484.0,483.77,,8.0
2025-10-05,search_console,1357.0,92.0,,,
2025-10-06,ga4,,,,983.0,
2025-10-06,google_ads,14400.0,288.0,287.61,,6.0
2025-10-06,meta_ads,19800.0,396.0,396.57,,8.0
2025-10-06,search_console,1411.0,95.0,,,
2025-10-07,ga4,,,,974.0,
2025-10-07,google_ads,15300.0,306.0,305.76,,6.0
2025-10-07,meta_ads,19700.0,394.0,394.61,,8.0
2025-10-07,search_console,1415.0,96.0,,,
2025-10-08,ga4,,,,995.0,
2025-10-08,google_ads,14550.0,291.0,290.78,,6.0
2025-10-08,meta_ads,19550.0,391.0,391.49,,8.0
2025-10-08,search_console,1320.0,90.0,,,
2025-10-09,ga4,,,,1023.0,
2025-10-09,google_ads,15350.0,307.0,306.93,,6.0
2025-10-09,meta_ads,21150.0,423.0,423.04,,8.0
2025-10-09,search_console,1359.0,92.0,,,
2025-10-10,ga4,,,,1014.0,
2025-10-10,google_ads,14750.0,295.0,295.59000000000003,,6.0
2025-10-10,meta_ads,19950.0,399.0,399.54,,8.0
2025-10-10,search_console,1339.0,90.0,,,
2025-10-11,ga4,,,,1161.0,
2025-10-11,google_ads,17650.0,353.0,353.62,,7.0
2025-10-11,meta_ads,24250.0,485.0,485.8,,9.0
2025-10-11,search_console,1300.0,89.0,,,
2025-10-12,ga4,,,,1259.0,
2025-10-12,google_ads,18550.0,371.0,370.61,,7.0
2025-10-12,meta_ads,23900.0,478.0,477.65,,9.0
2025-10-12,search_console,1285.0,89.0,,,
2025-10-13,ga4,,,,1002.0,
2025-10-13,google_ads,14700.0,294.0,294.53000000000003,,6.0
2025-10-13,meta_ads,19700.0,394.0,394.97,,8.0
2025-10-13,search_console,1316.0,88.0,,,
2025-10-14,ga4,,,,995.0,
2025-10-14,google_ads,14600.0,292.0,291.95000000000005,,6.0
2025-10-14,meta_ads,20300.0,406.0,405.9,,8.0
2025-10-14,search_console,1362.0,92.0,,,
2025-10-15,ga4,,,,1006.0,
2025-10-15,google_ads,15400.0,308.0,308.99,,6.0
2025-10-15,meta_ads,19850.0,397.0,395.61,,8.0
2025-10-15,search_console,1290.0,87.0,,,
2025-10-16,ga4,,,,999.0,
2025-10-16,google_ads,14850.0,297.0,296.97,,6.0
2025-10-16,meta_ads,20250.0,405.0,405.53,,8.0
2025-10-16,search_console,1285.0,87.0,,,
2025-10-17,ga4,,,,1032.0,
2025-10-17,google_ads,14050.0,281.0,280.42,,6.0
2025-10-17,meta_ads,19850.0,397.0,395.96,,8.0
2025-10-17,search_console,1337.0,89.0,,,
2025-10-18,ga4,,,,1198.0,
2025-10-18,google_ads,18100.0,362.0,362.47,,7.0
2025-10-18,meta_ads,24050.0,481.0,480.4,,9.0
2025-10-18,search_console,1337.0,91.0,,,
2025-10-19,ga4,,,,1135.0,
2025-10-19,google_ads,17950.0,359.0,359.44,,7.0
2025-10-19,meta_ads,23450.0,469.0,468.64,,8.0
2025-10-19,search_console,1251.0,86.0,,,
2025-10-20,ga4,,,,967.0,
2025-10-20,google_ads,15200.0,304.0,304.24,,6.0
2025-10-20,meta_ads,20400.0,408.0,407.95,,8.0
2025-10-20,search_console,1357.0,92.0,,,
2025-10-21,ga4,,,,957.0,
2025-10-21,google_ads,14850.0,297.0,296.68,,6.0
2025-10-21,meta_ads,19850.0,397.0,397.61,,8.0
2025-10-21,search_console,1337.0,90.0,,,
2025-10-22,ga4,,,,997.0,
2025-10-22,google_ads,14800.0,296.0,296.86,,6.0
2025-10-22,meta_ads,20700.0,414.0,413.97,,8.0
2025-10-22,search_console,1341.0,93.0,,,
2025-10-23,ga4,,,,999.0,
2025-10-23,google_ads,14750.0,295.0,293.91999999999996,,6.0
2025-10-23,meta_ads,20450.0,409.0,408.35,,8.0
2025-10-23,search_console,1294.0,88.0,,,
2025-10-24,ga4,,,,991.0,
2025-10-24,google_ads,15450.0,309.0,308.28,,6.0
2025-10-24,meta_ads,19350.0,387.0,387.03999999999996,,8.0
2025-10-24,search_console,1292.0,88.0,,,
2025-10-25,ga4,,,,1208.0,
2025-10-25,google_ads,17800.0,356.0,356.07,,7.0
2025-10-25,meta_ads,23850.0,477.0,477.82,,10.0
2025-10-25,search_console,1299.0,88.0,,,
2025-10-26,ga4,,,,1195.0,
2025-10-26,google_ads,18400.0,368.0,367.8,,7.0
2025-10-26,meta_ads,24450.0,489.0,488.84000000000003,,9.0
2025-10-26,search_console,1334.0,89.0,,,
2025-10-27,ga4,,,,1020.0,
2025-10-27,google_ads,15100.0,302.0,302.41,,6.0
2025-10-27,meta_ads,20200.0,404.0,403.6,,8.0
2025-10-27,search_console,1359.0,91.0,,,
2025-10-28,ga4,,,,982.0,
2025-10-28,google_ads,14650.0,293.0,292.68,,6.0
2025-10-28,meta_ads,19800.0,396.0,394.76,,8.0
2025-10-28,search_console,1316.0,90.0,,,
2025-10-29,ga4,,,,1011.0,
2025-10-29,google_ads,15150.0,303.0,303.05,,6.0
2025-10-29,meta_ads,19950.0,399.0,399.58,,8.0
2025-10-29,search_console,1337.0,91.0,,,
2025-10-30,ga4,,,,1021.0,
2025-10-30,google_ads,14550.0,291.0,290.86,,6.0
2025-10-30,meta_ads,19950.0,399.0,398.34,,8.0
2025-10-30,search_console,1324.0,91.0,,,
2025-10-31,ga4,,,,976.0,
2025-10-31,google_ads,15250.0,305.0,305.2,,6.0
2025-10-31,meta_ads,20250.0,405.0,404.78,,8.0
2025-10-31,search_console,1327.0,90.0,,,
2025-11-01,ga4,,,,1173.0,
2025-11-01,google_ads,16700.0,334.0,334.03999999999996,,6.0
2025-11-01,meta_ads,23850.0,477.0,476.21,,8.0
2025-11-01,search_console,1402.0,96.0,,,
2025-11-02,ga4,,,,1234.0,
2025-11-02,google_ads,17350.0,347.0,347.83,,6.0
2025-11-02,meta_ads,24700.0,494.0,494.15,,10.0
2025-11-02,search_console,1381.0,94.0,,,
2025-11-03,ga4,,,,999.0,
2025-11-03,google_ads,15300.0,306.0,306.36,,6.0
2025-11-03,meta_ads,20300.0,406.0,405.09000000000003,,8.0
2025-11-03,search_console,1320.0,88.0,,,
2025-11-04,ga4,,,,954.0,
2025-11-04,google_ads,14550.0,291.0,291.24,,6.0
2025-11-04,meta_ads,20750.0,415.0,414.1,,8.0
2025-11-04,search_console,1329.0,91.0,,,
2025-11-05,ga4,,,,947.0,
2025-11-05,google_ads,14900.0,298.0,298.25,,6.0
2025-11-05,meta_ads,20400.0,408.0,407.46000000000004,,8.0
2025-11-05,search_console,1338.0,90.0,,,
2025-11-06,ga4,,,,1005.0,
2025-11-06,google_ads,14600.0,292.0,292.21000000000004,,6.0
2025-11-06,meta_ads,18950.0,379.0,379.03999999999996,,8.0
2025-11-06,search_console,1339.0,91.0,,,
2025-11-07,ga4,,,,1002.0,
2025-11-07,google_ads,14850.0,297.0,297.02,,6.0
2025-11-07,meta_ads,20250.0,405.0,403.81,,8.0
2025-11-07,search_console,1253.0,85.0,,,
2025-11-08,ga4,,,,1222.0,
2025-11-08,google_ads,18650.0,373.0,373.28,,8.0
2025-11-08,meta_ads,24700.0,494.0,493.63,,10.0
2025-11-08,search_console,1374.0,94.0,,,
2025-11-09,ga4,,,,1214.0,
2025-11-09,google_ads,18250.0,365.0,365.13,,7.0
2025-11-09,meta_ads,23800.0,476.0,475.36,,8.0
2025-11-09,search_console,1422.0,96.0,,,
2025-11-10,ga4,,,,956.0,
2025-11-10,google_ads,14750.0,295.0,295.28,,6.0
2025-11-10,meta_ads,18850.0,377.0,376.88,,8.0
2025-11-10,search_console,1361.0,92.0,,,
2025-11-11,ga4,,,,1017.0,
2025-11-11,google_ads,15300.0,306.0,305.72,,6.0
2025-11-11,meta_ads,19900.0,398.0,398.87,,8.0
2025-11-11,search_console,1398.0,96.0,,,
2025-11-12,ga4,,,,1044.0,
2025-11-12,google_ads,15150.0,303.0,303.73,,6.0
2025-11-12,meta_ads,20600.0,412.0,411.31,,8.0
2025-11-12,search_console,1296.0,89.0,,,
2025-11-13,ga4,,,,990.0,
2025-11-13,google_ads,14200.0,284.0,284.38,,6.0
2025-11-13,meta_ads,20350.0,407.0,406.81,,8.0
2025-11-13,search_console,1324.0,89.0,,,
2025-11-14,ga4,,,,1049.0,
2025-11-14,google_ads,14350.0,287.0,286.89,,6.0
2025-11-14,meta_ads,19350.0,387.0,386.14,,8.0
2025-11-14,search_console,1325.0,89.0,,,
2025-11-15,ga4,,,,1210.0,
2025-11-15,google_ads,17450.0,349.0,348.42,,6.0
2025-11-15,meta_ads,24000.0,480.0,480.2,,8.0
2025-11-15,search_console,1294.0,89.0,,,
2025-11-16,ga4,,,,1164.0,
2025-11-16,google_ads,18100.0,362.0,362.58,,7.0
2025-11-16,meta_ads,24250.0,485.0,484.74,,9.0
2025-11-16,search_console,1275.0,86.0,,,
2025-11-17,ga4,,,,999.0,
2025-11-17,google_ads,15350.0,307.0,307.4,,6.0
2025-11-17,meta_ads,19950.0,399.0,397.51,,8.0
2025-11-17,search_console,1310.0,89.0,,,
2025-11-18,ga4,,,,979.0,
2025-11-18,google_ads,14700.0,294.0,294.08,,6.0
2025-11-18,meta_ads,20500.0,410.0,410.72,,8.0
2025-11-18,search_console,1317.0,90.0,,,
2025-11-19,ga4,,,,984.0,
2025-11-19,google_ads,15300.0,306.0,306.19,,6.0
2025-11-19,meta_ads,19550.0,391.0,391.25,,8.0
2025-11-19,search_console,1303.0,87.0,,,
2025-11-20,ga4,,,,1004.0,
2025-11-20,google_ads,14950.0,299.0,299.0,,6.0
2025-11-20,meta_ads,19850.0,397.0,397.44,,8.0
2025-11-20,search_console,1344.0,91.0,,,
2025-11-21,ga4,,,,992.0,
2025-11-21,google_ads,15150.0,303.0,302.46,,6.0
2025-11-21,meta_ads,18950.0,379.0,378.46,,8.0
2025-11-21,search_console,1303.0,89.0,,,
2025-11-22,ga4,,,,1175.0,
2025-11-22,google_ads,18250.0,365.0,364.83,,7.0
2025-11-22,meta_ads,23550.0,471.0,471.35,,9.0
2025-11-22,search_console,1325.0,89.0,,,
2025-11-23,ga4,,,,1184.0,
2025-11-23,google_ads,18100.0,362.0,362.37,,7.0
2025-11-23,meta_ads,23650.0,473.0,472.59,,9.0
2025-11-23,search_console,1354.0,90.0,,,
2025-11-24,ga4,,,,1014.0,
2025-11-24,google_ads,15450.0,309.0,309.23,,6.0
2025-11-24,meta_ads,20150.0,403.0,402.39,,8.0
2025-11-24,search_console,1353.0,93.0,,,
2025-11-25,ga4,,,,982.0,
2025-11-25,google_ads,15450.0,309.0,309.32,,6.0
2025-11-25,meta_ads,20300.0,406.0,406.07,,8.0
2025-11-25,search_console,1333.0,91.0,,,
2025-11-26,ga4,,,,982.0,
2025-11-26,google_ads,14000.0,280.0,280.09000000000003,,6.0
2025-11-26,meta_ads,19700.0,394.0,394.23,,8.0
2025-11-26,search_console,1300.0,89.0,,,
2025-11-27,ga4,,,,969.0,
2025-11-27,google_ads,14650.0,293.0,292.69,,6.0
2025-11-27,meta_ads,20350.0,407.0,407.51,,8.0
2025-11-27,search_console,1333.0,90.0,,,
2025-11-28,ga4,,,,1018.0,
2025-11-28,google_ads,15500.0,310.0,309.61,,6.0
2025-11-28,meta_ads,20800.0,416.0,414.9,,8.0
2025-11-28,search_console,1322.0,91.0,,,
2025-11-29,ga4,,,,1227.0,
2025-11-29,google_ads,17150.0,343.0,343.76,,6.0
2025-11-29,meta_ads,23400.0,468.0,469.14,,9.0
2025-11-29,search_console,1367.0,93.0,,,
2025-11-30,ga4,,,,1212.0,
2025-11-30,google_ads,18400.0,368.0,368.05,,8.0
2025-11-30,meta_ads,23450.0,469.0,468.70000000000005,,9.0
2025-11-30,search_console,1310.0,90.0,,,
2025-12-01,ga4,,,,1037.0,
2025-12-01,google_ads,14900.0,298.0,297.78,,6.0
2025-12-01,meta_ads,20200.0,404.0,403.85,,8.0
2025-12-01,search_console,1297.0,89.0,,,
2025-12-02,ga4,,,,975.0,
2025-12-02,google_ads,15100.0,302.0,302.69,,6.0
2025-12-02,meta_ads,19800.0,396.0,395.36,,8.0
2025-12-02,search_console,1295.0,88.0,,,
2025-12-03,ga4,,,,962.0,
2025-12-03,google_ads,15100.0,302.0,302.43,,6.0
2025-12-03,meta_ads,19450.0,389.0,389.11,,8.0
2025-12-03,search_console,1315.0,91.0,,,
2025-12-04,ga4,,,,984.0,
2025-12-04,google_ads,14500.0,290.0,290.27,,6.0
2025-12-04,meta_ads,19350.0,387.0,386.65,,8.0
2025-12-04,search_console,1272.0,85.0,,,
2025-12-05,ga4,,,,1049.0,
2025-12-05,google_ads,14600.0,292.0,292.07,,6.0
2025-12-05,meta_ads,18650.0,373.0,373.25,,8.0
2025-12-05,search_console,1337.0,92.0,,,
2025-12-06,ga4,,,,1206.0,
2025-12-06,google_ads,17500.0,350.0,349.98,,6.0
2025-12-06,meta_ads,23900.0,478.0,479.02,,9.0
2025-12-06,search_console,1293.0,88.0,,,
2025-12-07,ga4,,,,1165.0,
2025-12-07,google_ads,18050.0,361.0,362.02,,7.0
2025-12-07,meta_ads,24600.0,492.0,492.15,,9.0
2025-12-07,search_console,1330.0,90.0,,,
2025-12-08,ga4,,,,1022.0,
2025-12-08,google_ads,14550.0,291.0,291.52,,6.0
2025-12-08,meta_ads,19300.0,386.0,386.13,,8.0
2025-12-08,search_console,1303.0,89.0,,,
2025-12-09,ga4,,,,1032.0,
2025-12-09,google_ads,15600.0,312.0,312.57,,6.0
2025-12-09,meta_ads,20150.0,403.0,403.40999999999997,,8.0
2025-12-09,search_console,1322.0,91.0,,,
2025-12-10,ga4,,,,997.0,
2025-12-10,google_ads,14650.0,293.0,293.33,,6.0
2025-12-10,meta_ads,19050.0,381.0,380.23,,8.0
2025-12-10,search_console,1305.0,90.0,,,
2025-12-11,ga4,,,,998.0,
2025-12-11,google_ads,14850.0,297.0,297.25,,6.0
2025-12-11,meta_ads,20550.0,411.0,410.27,,8.0
2025-12-11,search_console,1336.0,91.0,,,
2025-12-12,ga4,,,,1040.0,
2025-12-12,google_ads,14950.0,299.0,299.05,,6.0
2025-12-12,meta_ads,19900.0,398.0,398.76,,8.0
2025-12-12,search_console,1305.0,87.0,,,
2025-12-13,ga4,,,,1158.0,
2025-12-13,google_ads,17950.0,359.0,358.09000000000003,,6.0
2025-12-13,meta_ads,25200.0,504.0,503.58000000000004,,10.0
2025-12-13,search_console,1309.0,88.0,,,
2025-12-14,ga4,,,,1226.0,
2025-12-14,google_ads,17750.0,355.0,355.14,,7.0
2025-12-14,meta_ads,23100.0,462.0,462.47,,9.0
2025-12-14,search_console,1361.0,93.0,,,
2025-12-15,ga4,,,,1014.0,
2025-12-15,google_ads,14900.0,298.0,298.24,,6.0
2025-12-15,meta_ads,19700.0,394.0,394.05,,8.0
2025-12-15,search_console,1300.0,88.0,,,
2025-12-16,ga4,,,,964.0,
2025-12-16,google_ads,14600.0,292.0,292.43,,6.0
2025-12-16,meta_ads,20000.0,400.0,400.01,,8.0
2025-12-16,search_console,1375.0,93.0,,,
2025-12-17,ga4,,,,982.0,
2025-12-17,google_ads,14550.0,291.0,291.28,,6.0
2025-12-17,meta_ads,20400.0,408.0,407.85,,8.0
2025-12-17,search_console,1307.0,88.0,,,
2025-12-18,ga4,,,,993.0,
2025-12-18,google_ads,14250.0,285.0,285.57,,6.0
2025-12-18,meta_ads,20850.0,417.0,416.94,,8.0
2025-12-18,search_console,1363.0,93.0,,,
2025-12-19,ga4,,,,968.0,
2025-12-19,google_ads,15100.0,302.0,301.68,,6.0
2025-12-19,meta_ads,19850.0,397.0,397.08,,8.0
2025-12-19,search_console,1308.0,89.0,,,
2025-12-20,ga4,,,,1215.0,
2025-12-20,google_ads,18500.0,370.0,370.11,,8.0
2025-12-20,meta_ads,23600.0,472.0,472.71,,8.0
2025-12-20,search_console,1359.0,93.0,,,
2025-12-21,ga4,,,,1209.0,
2025-12-21,google_ads,18300.0,366.0,365.58,,8.0
2025-12-21,meta_ads,23000.0,460.0,459.42,,8.0
2025-12-21,search_console,1316.0,89.0,,,
2025-12-22,ga4,,,,987.0,
2025-12-22,google_ads,15150.0,303.0,302.65999999999997,,6.0
2025-12-22,meta_ads,21100.0,422.0,420.96999999999997,,8.0
2025-12-22,search_console,1358.0,93.0,,,
2025-12-23,ga4,,,,1020.0,
2025-12-23,google_ads,13900.0,278.0,277.05,,6.0
2025-12-23,meta_ads,20650.0,413.0,412.8,,8.0
2025-12-23,search_console,1374.0,92.0,,,
2025-12-24,ga4,,,,951.0,
2025-12-24,google_ads,14450.0,289.0,288.67,,6.0
2025-12-24,meta_ads,20250.0,405.0,405.0,,8.0
2025-12-24,search_console,1360.0,92.0,,,
2025-12-25,ga4,,,,1009.0,
2025-12-25,google_ads,15300.0,306.0,305.94,,6.0
2025-12-25,meta_ads,21300.0,426.0,426.29,,8.0
2025-12-25,search_console,1368.0,93.0,,,
2025-12-26,ga4,,,,948.0,
2025-12-26,google_ads,15150.0,303.0,303.66999999999996,,6.0
2025-12-26,meta_ads,19950.0,399.0,399.2,,8.0
2025-12-26,search_console,1417.0,95.0,,,
2025-12-27,ga4,,,,1216.0,
2025-12-27,google_ads,18250.0,365.0,364.66,,6.0
2025-12-27,meta_ads,22650.0,453.0,453.62,,8.0
2025-12-27,search_console,1357.0,92.0,,,
2025-12-28,ga4,,,,1170.0,
2025-12-28,google_ads,18650.0,373.0,373.38,,7.0
2025-12-28,meta_ads,24200.0,484.0,484.16999999999996,,9.0
2025-12-28,search_console,1306.0,90.0,,,
2025-12-29,ga4,,,,988.0,
2025-12-29,google_ads,14750.0,295.0,295.13,,6.0
2025-12-29,meta_ads,18950.0,379.0,379.19,,8.0
2025-12-29,search_console,1335.0,91.0,,,
2025-12-30,ga4,,,,953.0,
2025-12-30,google_ads,14750.0,295.0,294.35,,6.0
2025-12-30,meta_ads,20600.0,412.0,412.58,,8.0
2025-12-30,search_console,1375.0,93.0,,,
2025-12-31,ga4,,,,1031.0,
2025-12-31,google_ads,15250.0,305.0,304.91,,6.0
2025-12-31,meta_ads,19600.0,392.0,391.8,,8.0
2025-12-31,search_console,1324.0,89.0,,,
2026-01-01,ga4,,,,991.0,
2026-01-01,google_ads,14800.0,296.0,295.78,,6.0
2026-01-01,meta_ads,20100.0,402.0,401.46,,8.0
2026-01-01,search_console,1320.0,91.0,,,
2026-01-02,ga4,,,,1010.0,
2026-01-02,google_ads,15150.0,303.0,303.29,,6.0
2026-01-02,meta_ads,18850.0,377.0,376.6,,8.0
2026-01-02,search_console,1337.0,90.0,,,
2026-01-03,ga4,,,,1204.0,
2026-01-03,google_ads,18550.0,371.0,371.93,,7.0
2026-01-03,meta_ads,23850.0,477.0,477.61,,8.0
2026-01-03,search_console,1288.0,86.0,,,
2026-01-04,ga4,,,,1184.0,
2026-01-04,google_ads,18550.0,371.0,371.01,,8.0
2026-01-04,meta_ads,24400.0,488.0,488.4,,9.0
2026-01-04,search_console,1281.0,86.0,,,
2026-01-05,ga4,,,,1000.0,
2026-01-05,google_ads,15950.0,319.0,317.87,,6.0
2026-01-05,meta_ads,20000.0,400.0,399.26,,8.0
2026-01-05,search_console,1290.0,88.0,,,
2026-01-06,ga4,,,,1002.0,
2026-01-06,google_ads,14200.0,284.0,284.47,,6.0
2026-01-06,meta_ads,20650.0,413.0,412.85,,8.0
2026-01-06,search_console,1299.0,87.0,,,
2026-01-07,ga4,,,,1010.0,
2026-01-07,google_ads,14400.0,288.0,287.4,,6.0
2026-01-07,meta_ads,19400.0,388.0,389.1,,8.0
2026-01-07,search_console,1307.0,89.0,,,
2026-01-08,ga4,,,,988.0,
2026-01-08,google_ads,15650.0,313.0,313.48,,6.0
2026-01-08,meta_ads,20650.0,413.0,412.55,,8.0
2026-01-08,search_console,1346.0,93.0,,,
2026-01-09,ga4,,,,948.0,
2026-01-09,google_ads,14600.0,292.0,292.3,,6.0
2026-01-09,meta_ads,20350.0,407.0,407.03999999999996,,8.0
2026-01-09,search_console,1313.0,88.0,,,
2026-01-10,ga4,,,,1176.0,
2026-01-10,google_ads,18500.0,370.0,370.29999999999995,,7.0
2026-01-10,meta_ads,24400.0,488.0,488.61,,9.0
2026-01-10,search_console,1342.0,90.0,,,
2026-01-11,ga4,,,,1220.0,
2026-01-11,google_ads,17950.0,359.0,358.2,,7.0
2026-01-11,meta_ads,23150.0,463.0,463.24,,8.0
2026-01-11,search_console,1307.0,87.0,,,
2026-01-12,ga4,,,,991.0,
2026-01-12,google_ads,14750.0,295.0,294.26,,6.0
2026-01-12,meta_ads,20700.0,414.0,413.67,,8.0
2026-01-12,search_console,1395.0,92.0,,,
2026-01-13,ga4,,,,1015.0,
2026-01-13,google_ads,15200.0,304.0,304.07,,6.0
2026-01-13,meta_ads,19750.0,395.0,395.02,,8.0
2026-01-13,search_console,1302.0,86.0,,,
2026-01-14,ga4,,,,1041.0,
2026-01-14,google_ads,14700.0,294.0,293.85,,6.0
2026-01-14,meta_ads,20450.0,409.0,409.79,,8.0
2026-01-14,search_console,1369.0,93.0,,,
2026-01-15,ga4,,,,1011.0,
2026-01-15,google_ads,15600.0,312.0,312.67,,6.0
2026-01-15,meta_ads,20250.0,405.0,405.78,,8.0
2026-01-15,search_console,1312.0,88.0,,,
2026-01-16,ga4,,,,1022.0,
2026-01-16,google_ads,14700.0,294.0,294.23,,6.0
2026-01-16,meta_ads,20650.0,413.0,413.12,,8.0
2026-01-16,search_console,1277.0,87.0,,,
2026-01-17,ga4,,,,1138.0,
2026-01-17,google_ads,18450.0,369.0,368.42,,7.0
2026-01-17,meta_ads,24150.0,483.0,482.56,,9.0
2026-01-17,search_console,1359.0,93.0,,,
2026-01-18,ga4,,,,1157.0,
2026-01-18,google_ads,18300.0,366.0,366.53,,7.0
2026-01-18,meta_ads,23500.0,470.0,470.6,,9.0
2026-01-18,search_console,1348.0,92.0,,,
2026-01-19,ga4,,,,1032.0,
2026-01-19,google_ads,16150.0,323.0,322.52,,6.0
2026-01-19,meta_ads,20350.0,407.0,407.21,,8.0
2026-01-19,search_console,1267.0,86.0,,,
2026-01-20,ga4,,,,1001.0,
2026-01-20,google_ads,15750.0,315.0,315.14,,6.0
2026-01-20,meta_ads,19300.0,386.0,386.81,,8.0
2026-01-20,search_console,1338.0,91.0,,,
2026-01-21,ga4,,,,961.0,
2026-01-21,google_ads,15550.0,311.0,311.18,,6.0
2026-01-21,meta_ads,20500.0,410.0,409.31,,8.0
2026-01-21,search_console,1285.0,87.0,,,
2026-01-22,ga4,,,,1028.0,
2026-01-22,google_ads,15400.0,308.0,308.12,,6.0
2026-01-22,meta_ads,20500.0,410.0,410.68,,8.0
2026-01-22,search_console,1298.0,87.0,,,
2026-01-23,ga4,,,,978.0,
2026-01-23,google_ads,15100.0,302.0,302.4,,6.0
2026-01-23,meta_ads,19250.0,385.0,386.02,,8.0
2026-01-23,search_console,1286.0,87.0,,,
2026-01-24,ga4,,,,1220.0,
2026-01-24,google_ads,17900.0,358.0,357.86,,7.0
2026-01-24,meta_ads,24150.0,483.0,483.25,,9.0
2026-01-24,search_console,1328.0,89.0,,,
2026-01-25,ga4,,,,1179.0,
2026-01-25,google_ads,18550.0,371.0,370.39,,7.0
2026-01-25,meta_ads,24750.0,495.0,494.28999999999996,,11.0
2026-01-25,search_console,1276.0,86.0,,,
2026-01-26,ga4,,,,1045.0,
2026-01-26,google_ads,14500.0,290.0,289.47,,6.0
2026-01-26,meta_ads,19350.0,387.0,387.21000000000004,,8.0
2026-01-26,search_console,1323.0,89.0,,,
2026-01-27,ga4,,,,996.0,
2026-01-27,google_ads,15150.0,303.0,303.22,,6.0
2026-01-27,meta_ads,20750.0,415.0,414.31,,8.0
2026-01-27,search_console,1322.0,89.0,,,
2026-01-28,ga4,,,,1025.0,
2026-01-28,google_ads,15550.0,311.0,310.03,,6.0
2026-01-28,meta_ads,20400.0,408.0,408.06,,8.0
2026-01-28,search_console,1355.0,91.0,,,
2026-01-29,ga4,,,,1018.0,
2026-01-29,google_ads,15050.0,301.0,301.3,,6.0
2026-01-29,meta_ads,20850.0,417.0,417.27,,8.0
2026-01-29,search_console,1285.0,86.0,,,
2026-01-30,ga4,,,,994.0,
2026-01-30,google_ads,15250.0,305.0,305.2,,6.0
2026-01-30,meta_ads,19950.0,399.0,399.75,,8.0
2026-01-30,search_console,1219.0,83.0,,,
2026-01-31,ga4,,,,1180.0,
2026-01-31,google_ads,18100.0,362.0,361.75,,7.0
2026-01-31,meta_ads,23600.0,472.0,472.44,,8.0
2026-01-31,search_console,1303.0,88.0,,,
2026-02-01,ga4,,,,1149.0,
2026-02-01,google_ads,18400.0,368.0,368.91,,7.0
2026-02-01,meta_ads,24650.0,493.0,492.96999999999997,,9.0
2026-02-01,search_console,1340.0,93.0,,,
2026-02-02,ga4,,,,1030.0,
2026-02-02,google_ads,14850.0,297.0,297.09000000000003,,6.0
2026-02-02,meta_ads,20100.0,402.0,401.61,,8.0
2026-02-02,search_console,1315.0,91.0,,,
2026-02-03,ga4,,,,984.0,
2026-02-03,google_ads,14850.0,297.0,296.03,,6.0
2026-02-03,meta_ads,18350.0,367.0,366.48,,8.0
2026-02-03,search_console,1292.0,88.0,,,
2026-02-04,ga4,,,,976.0,
2026-02-04,google_ads,15900.0,318.0,318.12,,6.0
2026-02-04,meta_ads,20050.0,401.0,399.96000000000004,,8.0
2026-02-04,search_console,1401.0,96.0,,,
2026-02-05,ga4,,,,1041.0,
2026-02-05,google_ads,14650.0,293.0,293.0,,6.0
2026-02-05,meta_ads,20300.0,406.0,404.82,,8.0
2026-02-05,search_console,1360.0,92.0,,,
2026-02-06,ga4,,,,980.0,
2026-02-06,google_ads,15450.0,309.0,308.92,,6.0
2026-02-06,meta_ads,19500.0,390.0,389.12,,8.0
2026-02-06,search_console,1380.0,94.0,,,
2026-02-07,ga4,,,,1186.0,
2026-02-07,google_ads,18600.0,372.0,372.56,,7.0
2026-02-07,meta_ads,23550.0,471.0,470.65999999999997,,8.0
2026-02-07,search_console,1333.0,89.0,,,
2026-02-08,ga4,,,,1203.0,
2026-02-08,google_ads,17650.0,353.0,353.52,,6.0
2026-02-08,meta_ads,23800.0,476.0,476.13000000000005,,9.0
2026-02-08,search_console,1267.0,85.0,,,
2026-02-09,ga4,,,,988.0,
2026-02-09,google_ads,16200.0,324.0,323.65,,6.0
2026-02-09,meta_ads,20900.0,418.0,417.69,,8.0
2026-02-09,search_console,1293.0,88.0,,,
2026-02-10,ga4,,,,997.0,
2026-02-10,google_ads,15150.0,303.0,303.06,,6.0
2026-02-10,meta_ads,20300.0,406.0,406.12,,8.0
2026-02-10,search_console,1365.0,94.0,,,
2026-02-11,ga4,,,,1014.0,
2026-02-11,google_ads,16100.0,322.0,322.09000000000003,,6.0
2026-02-11,meta_ads,19950.0,399.0,399.35,,8.0
2026-02-11,search_console,1385.0,93.0,,,
2026-02-12,ga4,,,,1028.0,
2026-02-12,google_ads,15450.0,309.0,308.78,,6.0
2026-02-12,meta_ads,19550.0,391.0,391.47999999999996,,8.0
2026-02-12,search_console,1360.0,93.0,,,
2026-02-13,ga4,,,,995.0,
2026-02-13,google_ads,15100.0,302.0,301.83,,6.0
2026-02-13,meta_ads,21050.0,421.0,420.14,,8.0
2026-02-13,search_console,1403.0,95.0,,,
2026-02-14,ga4,,,,1176.0,
2026-02-14,google_ads,17350.0,347.0,347.72,,6.0
2026-02-14,meta_ads,23450.0,469.0,469.82,,8.0
2026-02-14,search_console,1297.0,88.0,,,
2026-02-15,ga4,,,,1200.0,
2026-02-15,google_ads,18800.0,376.0,376.09000000000003,,8.0
2026-02-15,meta_ads,24300.0,486.0,486.14,,10.0
2026-02-15,search_console,1298.0,89.0,,,
2026-02-16,ga4,,,,1027.0,
2026-02-16,google_ads,14450.0,289.0,288.61,,6.0
2026-02-16,meta_ads,19400.0,388.0,387.1,,8.0
2026-02-16,search_console,1337.0,91.0,,,
2026-02-17,ga4,,,,1066.0,
2026-02-17,google_ads,16250.0,325.0,324.53,,6.0
2026-02-17,meta_ads,20400.0,408.0,407.75,,8.0
2026-02-17,search_console,1278.0,87.0,,,
2026-02-18,ga4,,,,979.0,
2026-02-18,google_ads,14750.0,295.0,294.46000000000004,,6.0
2026-02-18,meta_ads,20350.0,407.0,407.18,,8.0
2026-02-18,search_console,1358.0,91.0,,,
2026-02-19,ga4,,,,1020.0,
2026-02-19,google_ads,15250.0,305.0,304.46000000000004,,6.0
2026-02-19,meta_ads,19700.0,394.0,394.34,,8.0
2026-02-19,search_console,1315.0,91.0,,,
2026-02-20,ga4,,,,1020.0,
2026-02-20,google_ads,14800.0,296.0,295.31,,6.0
2026-02-20,meta_ads,19700.0,394.0,394.32,,8.0
2026-02-20,search_console,1361.0,94.0,,,
2026-02-21,ga4,,,,1202.0,
2026-02-21,google_ads,17350.0,347.0,347.62,,7.0
2026-02-21,meta_ads,24800.0,496.0,494.75,,9.0
2026-02-21,search_console,1297.0,87.0,,,
2026-02-22,ga4,,,,1182.0,
2026-02-22,google_ads,18800.0,376.0,375.60999999999996,,8.0
2026-02-22,meta_ads,24000.0,480.0,480.56,,9.0
2026-02-22,search_console,1286.0,90.0,,,
2026-02-23,ga4,,,,1053.0,
2026-02-23,google_ads,15200.0,304.0,304.02,,6.0
2026-02-23,meta_ads,20100.0,402.0,402.37,,8.0
2026-02-23,search_console,1285.0,88.0,,,
2026-02-24,ga4,,,,1013.0,
2026-02-24,google_ads,15350.0,307.0,306.79999999999995,,6.0
2026-02-24,meta_ads,20200.0,404.0,404.03999999999996,,8.0
2026-02-24,search_console,1353.0,93.0,,,
2026-02-25,ga4,,,,989.0,
2026-02-25,google_ads,14350.0,287.0,287.95,,6.0
2026-02-25,meta_ads,19550.0,391.0,391.53,,8.0
2026-02-25,search_console,1317.0,90.0,,,
2026-02-26,ga4,,,,954.0,
2026-02-26,google_ads,15350.0,307.0,306.78,,6.0
2026-02-26,meta_ads,20650.0,413.0,412.49,,8.0
2026-02-26,search_console,1376.0,93.0,,,
2026-02-27,ga4,,,,995.0,
2026-02-27,google_ads,15050.0,301.0,300.42,,6.0
2026-02-27,meta_ads,19150.0,383.0,383.40999999999997,,8.0
2026-02-27,search_console,1296.0,89.0,,,
2026-02-28,ga4,,,,1155.0,
2026-02-28,google_ads,18150.0,363.0,363.12,,7.0
2026-02-28,meta_ads,23900.0,478.0,478.01,,9.0
2026-02-28,search_console,1309.0,89.0,,,
2026-03-01,ga4,,,,1140.0,
2026-03-01,google_ads,17000.0,340.0,339.77,,6.0
2026-03-01,meta_ads,24400.0,488.0,488.34,,10.0
2026-03-01,search_console,1378.0,94.0,,,
2026-03-02,ga4,,,,1050.0,
2026-03-02,google_ads,15650.0,313.0,311.95,,6.0
2026-03-02,meta_ads,20850.0,417.0,416.53,,8.0
2026-03-02,search_console,1276.0,85.0,,,
2026-03-03,ga4,,,,1041.0,
2026-03-03,google_ads,14650.0,293.0,292.59,,6.0
2026-03-03,meta_ads,19250.0,385.0,385.40999999999997,,8.0
2026-03-03,search_console,1358.0,92.0,,,
2026-03-04,ga4,,,,971.0,
2026-03-04,google_ads,14450.0,289.0,289.64,,6.0
2026-03-04,meta_ads,19550.0,391.0,391.02,,8.0
2026-03-04,search_console,1318.0,90.0,,,
2026-03-05,ga4,,,,969.0,
2026-03-05,google_ads,15000.0,300.0,300.36,,6.0
2026-03-05,meta_ads,19400.0,388.0,388.27,,8.0
2026-03-05,search_console,1310.0,90.0,,,
2026-03-06,ga4,,,,988.0,
2026-03-06,google_ads,14950.0,299.0,299.3,,6.0
2026-03-06,meta_ads,19100.0,382.0,382.46000000000004,,8.0
2026-03-06,search_console,1298.0,88.0,,,
2026-03-07,ga4,,,,1267.0,
2026-03-07,google_ads,17950.0,359.0,358.58000000000004,,6.0
2026-03-07,meta_ads,22950.0,459.0,458.84000000000003,,8.0
2026-03-07,search_console,1438.0,97.0,,,
2026-03-08,ga4,,,,1206.0,
2026-03-08,google_ads,17900.0,358.0,357.61,,7.0
2026-03-08,meta_ads,25100.0,502.0,501.38,,10.0
2026-03-08,search_console,1313.0,90.0,,,
2026-03-09,ga4,,,,987.0,
2026-03-09,google_ads,15100.0,302.0,301.73,,6.0
2026-03-09,meta_ads,21350.0,427.0,427.15,,8.0
2026-03-09,search_console,1378.0,93.0,,,
2026-03-10,ga4,,,,1016.0,
2026-03-10,google_ads,15150.0,303.0,303.3,,6.0
2026-03-10,meta_ads,20300.0,406.0,406.04,,8.0
2026-03-10,search_console,1261.0,85.0,,,
2026-03-11,ga4,,,,1026.0,
2026-03-11,google_ads,15000.0,300.0,300.36,,6.0
2026-03-11,meta_ads,20100.0,402.0,402.69,,8.0
2026-03-11,search_console,1321.0,90.0,,,
2026-03-12,ga4,,,,1024.0,
2026-03-12,google_ads,14900.0,298.0,297.61,,6.0
2026-03-12,meta_ads,19350.0,387.0,386.84000000000003,,8.0
2026-03-12,search_console,1306.0,88.0,,,
2026-03-13,ga4,,,,1003.0,
2026-03-13,google_ads,15700.0,314.0,313.73,,6.0
2026-03-13,meta_ads,21650.0,433.0,433.09,,8.0
2026-03-13,search_console,1278.0,86.0,,,
2026-03-14,ga4,,,,1209.0,
2026-03-14,google_ads,18950.0,379.0,378.53000000000003,,8.0
2026-03-14,meta_ads,24500.0,490.0,489.90999999999997,,10.0
2026-03-14,search_console,1258.0,86.0,,,
2026-03-15,ga4,,,,1154.0,
2026-03-15,google_ads,19200.0,384.0,383.30999999999995,,8.0
2026-03-15,meta_ads,24150.0,483.0,482.57,,9.0
2026-03-15,search_console,1380.0,95.0,,,
2026-03-16,ga4,,,,970.0,
2026-03-16,google_ads,15250.0,305.0,304.73,,6.0
2026-03-16,meta_ads,20000.0,400.0,400.57,,8.0
2026-03-16,search_console,1235.0,83.0,,,
2026-03-17,ga4,,,,1006.0,
2026-03-17,google_ads,16100.0,322.0,322.78999999999996,,6.0
2026-03-17,meta_ads,19850.0,397.0,397.21999999999997,,8.0
2026-03-17,search_console,1354.0,92.0,,,
2026-03-18,ga4,,,,994.0,
2026-03-18,google_ads,15250.0,305.0,305.23,,6.0
2026-03-18,meta_ads,20750.0,415.0,415.73,,8.0
2026-03-18,search_console,1271.0,87.0,,,
2026-03-19,ga4,,,,1010.0,
2026-03-19,google_ads,14500.0,290.0,289.93,,6.0
2026-03-19,meta_ads,19750.0,395.0,395.7,,8.0
2026-03-19,search_console,1294.0,87.0,,,
2026-03-20,ga4,,,,1038.0,
2026-03-20,google_ads,15450.0,309.0,309.14,,6.0
2026-03-20,meta_ads,21250.0,425.0,425.02,,8.0
2026-03-20,search_console,1264.0,86.0,,,
2026-03-21,ga4,,,,1161.0,
2026-03-21,google_ads,16700.0,334.0,334.75,,6.0
2026-03-21,meta_ads,22950.0,459.0,458.89,,8.0
2026-03-21,search_console,1330.0,92.0,,,
2026-03-22,ga4,,,,1218.0,
2026-03-22,google_ads,17550.0,351.0,351.38,,6.0
2026-03-22,meta_ads,23600.0,472.0,472.5,,9.0
2026-03-22,search_console,1249.0,85.0,,,
2026-03-23,ga4,,,,957.0,
2026-03-23,google_ads,14900.0,298.0,298.02,,6.0
2026-03-23,meta_ads,20200.0,404.0,404.58000000000004,,8.0
2026-03-23,search_console,1339.0,89.0,,,
2026-03-24,ga4,,,,963.0,
2026-03-24,google_ads,14400.0,288.0,287.63,,6.0
2026-03-24,meta_ads,20350.0,407.0,406.47,,8.0
2026-03-24,search_console,1351.0,92.0,,,
2026-03-25,ga4,,,,997.0,
2026-03-25,google_ads,14650.0,293.0,293.24,,6.0
2026-03-25,meta_ads,20500.0,410.0,411.03,,8.0
2026-03-25,search_console,1332.0,90.0,,,
2026-03-26,ga4,,,,1034.0,
2026-03-26,google_ads,15350.0,307.0,307.65,,6.0
2026-03-26,meta_ads,19600.0,392.0,392.88,,8.0
2026-03-26,search_console,1355.0,94.0,,,
2026-03-27,ga4,,,,983.0,
2026-03-27,google_ads,15250.0,305.0,304.95,,6.0
2026-03-27,meta_ads,20400.0,408.0,408.44,,8.0
2026-03-27,search_console,1323.0,89.0,,,
2026-03-28,ga4,,,,1182.0,
2026-03-28,google_ads,16900.0,338.0,338.15,,6.0
2026-03-28,meta_ads,23300.0,466.0,466.04,,8.0
2026-03-28,search_console,1308.0,89.0,,,
2026-03-29,ga4,,,,1223.0,
2026-03-29,google_ads,17350.0,347.0,346.97,,6.0
2026-03-29,meta_ads,23650.0,473.0,472.87,,8.0
2026-03-29,search_console,1320.0,91.0,,,
2026-03-30,ga4,,,,996.0,
2026-03-30,google_ads,13900.0,278.0,278.42,,6.0
2026-03-30,meta_ads,18550.0,371.0,370.98,,8.0
2026-03-30,search_console,1348.0,92.0,,,
2026-03-31,ga4,,,,974.0,
2026-03-31,google_ads,15400.0,308.0,308.11,,6.0
2026-03-31,meta_ads,20500.0,410.0,410.38,,8.0
2026-03-31,search_console,1266.0,87.0,,,
2026-04-01,ga4,,,,1041.0,
2026-04-01,google_ads,15450.0,309.0,308.62,,6.0
2026-04-01,meta_ads,20400.0,408.0,408.83,,8.0
2026-04-01,search_console,1347.0,90.0,,,
2026-04-02,ga4,,,,1036.0,
2026-04-02,google_ads,15200.0,304.0,303.92,,6.0
2026-04-02,meta_ads,19850.0,397.0,396.77,,8.0
2026-04-02,search_console,1419.0,97.0,,,
2026-04-03,ga4,,,,1018.0,
2026-04-03,google_ads,14800.0,296.0,295.65999999999997,,6.0
2026-04-03,meta_ads,19650.0,393.0,393.78,,8.0
2026-04-03,search_console,1410.0,96.0,,,
2026-04-04,ga4,,,,1194.0,
2026-04-04,google_ads,17550.0,351.0,350.94,,6.0
2026-04-04,meta_ads,23950.0,479.0,478.99,,10.0
2026-04-04,search_console,1368.0,92.0,,,
2026-04-05,ga4,,,,1216.0,
2026-04-05,google_ads,17800.0,356.0,356.07,,6.0
2026-04-05,meta_ads,24450.0,489.0,489.25,,9.0
2026-04-05,search_console,1342.0,91.0,,,
2026-04-06,ga4,,,,1004.0,
2026-04-06,google_ads,14950.0,299.0,299.62,,6.0
2026-04-06,meta_ads,19050.0,381.0,380.23,,8.0
2026-04-06,search_console,1353.0,90.0,,,
2026-04-07,ga4,,,,1000.0,
2026-04-07,google_ads,14950.0,299.0,299.58,,6.0
2026-04-07,meta_ads,20700.0,414.0,413.83,,8.0
2026-04-07,search_console,1276.0,87.0,,,
2026-04-08,ga4,,,,1003.0,
2026-04-08,google_ads,15300.0,306.0,306.09,,6.0
2026-04-08,meta_ads,20550.0,411.0,410.61,,8.0
2026-04-08,search_console,1323.0,90.0,,,
2026-04-09,ga4,,,,1023.0,
2026-04-09,google_ads,15950.0,319.0,319.65999999999997,,6.0
2026-04-09,meta_ads,20150.0,403.0,402.38,,8.0
2026-04-09,search_console,1331.0,90.0,,,
2026-04-10,ga4,,,,980.0,
2026-04-10,google_ads,13650.0,273.0,272.97,,6.0
2026-04-10,meta_ads,19700.0,394.0,393.34000000000003,,8.0
2026-04-10,search_console,1353.0,90.0,,,
2026-04-11,ga4,,,,1191.0,
2026-04-11,google_ads,19050.0,381.0,380.58,,8.0
2026-04-11,meta_ads,23850.0,477.0,476.41999999999996,,9.0
2026-04-11,search_console,1262.0,87.0,,,
2026-04-12,ga4,,,,1173.0,
2026-04-12,google_ads,18600.0,372.0,372.45,,7.0
2026-04-12,meta_ads,24450.0,489.0,489.66999999999996,,9.0
2026-04-12,search_console,1340.0,92.0,,,
2026-04-13,ga4,,,,988.0,
2026-04-13,google_ads,14500.0,290.0,289.95,,6.0
2026-04-13,meta_ads,20550.0,411.0,410.6,,8.0
2026-04-13,search_console,1284.0,87.0,,,
2026-04-14,ga4,,,,997.0,
2026-04-14,google_ads,15150.0,303.0,303.47,,6.0
2026-04-14,meta_ads,20500.0,410.0,409.85,,8.0
2026-04-14,search_console,1287.0,88.0,,,
2026-04-15,ga4,,,,979.0,
2026-04-15,google_ads,15150.0,303.0,303.52,,6.0
2026-04-15,meta_ads,20000.0,400.0,399.34000000000003,,8.0
2026-04-15,search_console,1301.0,89.0,,,
2026-04-16,ga4,,,,989.0,
2026-04-16,google_ads,15450.0,309.0,308.87,,6.0
2026-04-16,meta_ads,19750.0,395.0,395.66999999999996,,8.0
2026-04-16,search_console,1367.0,93.0,,,
2026-04-17,ga4,,,,971.0,
2026-04-17,google_ads,15000.0,300.0,299.33,,6.0
2026-04-17,meta_ads,20800.0,416.0,416.28,,8.0
2026-04-17,search_console,1303.0,88.0,,,
2026-04-18,ga4,,,,1225.0,
2026-04-18,google_ads,17150.0,343.0,343.16,,6.0
2026-04-18,meta_ads,24600.0,492.0,491.58,,10.0
2026-04-18,search_console,1300.0,89.0,,,
2026-04-19,ga4,,,,1243.0,
2026-04-19,google_ads,18500.0,370.0,369.02,,7.0
2026-04-19,meta_ads,23900.0,478.0,476.96000000000004,,9.0
2026-04-19,search_console,1296.0,89.0,,,
2026-04-20,ga4,,,,969.0,
2026-04-20,google_ads,16150.0,323.0,323.31,,6.0
2026-04-20,meta_ads,19300.0,386.0,387.12,,8.0
2026-04-20,search_console,1334.0,90.0,,,
2026-04-21,ga4,,,,1022.0,
2026-04-21,google_ads,15200.0,304.0,304.33,,6.0
2026-04-21,meta_ads,20500.0,410.0,410.04999999999995,,8.0
2026-04-21,search_console,1314.0,89.0,,,
2026-04-22,ga4,,,,990.0,
2026-04-22,google_ads,15550.0,311.0,311.07,,6.0
2026-04-22,meta_ads,19300.0,386.0,386.1,,8.0
2026-04-22,search_console,1314.0,89.0,,,
2026-04-23,ga4,,,,943.0,
2026-04-23,google_ads,15350.0,307.0,307.31,,6.0
2026-04-23,meta_ads,20450.0,409.0,410.57,,8.0
2026-04-23,search_console,1350.0,91.0,,,
2026-04-24,ga4,,,,1023.0,
2026-04-24,google_ads,15850.0,317.0,316.61,,6.0
2026-04-24,meta_ads,20800.0,416.0,415.35,,8.0
2026-04-24,search_console,1341.0,90.0,,,
2026-04-25,ga4,,,,1253.0,
2026-04-25,google_ads,18000.0,360.0,359.57,,6.0
2026-04-25,meta_ads,23050.0,461.0,461.77,,9.0
2026-04-25,search_console,1324.0,89.0,,,
2026-04-26,ga4,,,,1178.0,
2026-04-26,google_ads,17800.0,356.0,355.69,,7.0
2026-04-26,meta_ads,25200.0,504.0,503.54,,10.0
2026-04-26,search_console,1349.0,92.0,,,
2026-04-27,ga4,,,,1005.0,
2026-04-27,google_ads,15400.0,308.0,308.3,,6.0
2026-04-27,meta_ads,19050.0,381.0,381.78,,8.0
2026-04-27,search_console,1322.0,88.0,,,
2026-04-28,ga4,,,,991.0,
2026-04-28,google_ads,15150.0,303.0,302.42,,6.0
2026-04-28,meta_ads,21350.0,427.0,426.78,,8.0
2026-04-28,search_console,1286.0,88.0,,,
2026-04-29,ga4,,,,1012.0,
2026-04-29,google_ads,14650.0,293.0,292.81,,6.0
2026-04-29,meta_ads,19950.0,399.0,398.88,,8.0
2026-04-29,search_console,1323.0,91.0,,,
2026-04-30,ga4,,,,970.0,
2026-04-30,google_ads,15500.0,310.0,310.6,,6.0
2026-04-30,meta_ads,19200.0,384.0,384.37,,8.0
2026-04-30,search_console,1378.0,95.0,,,
2026-05-01,ga4,,,,1023.0,
2026-05-01,google_ads,15400.0,308.0,307.95,,6.0
2026-05-01,meta_ads,20000.0,400.0,400.71,,8.0
2026-05-01,search_console,1316.0,89.0,,,
2026-05-02,ga4,,,,1210.0,
2026-05-02,google_ads,18250.0,365.0,364.78999999999996,,6.0
2026-05-02,meta_ads,23950.0,479.0,479.88,,9.0
2026-05-02,search_console,1266.0,86.0,,,
2026-05-03,ga4,,,,1186.0,
2026-05-03,google_ads,17850.0,357.0,356.61,,6.0
2026-05-03,meta_ads,22900.0,458.0,457.39,,9.0
2026-05-03,search_console,1345.0,90.0,,,
2026-05-04,ga4,,,,1001.0,
2026-05-04,google_ads,15500.0,310.0,309.92,,6.0
2026-05-04,meta_ads,18950.0,379.0,378.12,,8.0
2026-05-04,search_console,1283.0,87.0,,,
2026-05-05,ga4,,,,1000.0,
2026-05-05,google_ads,15650.0,313.0,313.58,,6.0
2026-05-05,meta_ads,20100.0,402.0,402.98,,8.0
2026-05-05,search_console,1254.0,86.0,,,
2026-05-06,ga4,,,,1037.0,
2026-05-06,google_ads,15450.0,309.0,308.65,,6.0
2026-05-06,meta_ads,19250.0,385.0,384.28,,8.0
2026-05-06,search_console,1365.0,92.0,,,
2026-05-07,ga4,,,,986.0,
2026-05-07,google_ads,14350.0,287.0,288.05,,6.0
2026-05-07,meta_ads,21150.0,423.0,423.82,,8.0
2026-05-07,search_console,1308.0,89.0,,,
2026-05-08,ga4,,,,982.0,
2026-05-08,google_ads,14850.0,297.0,297.18,,6.0
2026-05-08,meta_ads,20000.0,400.0,399.98,,8.0
2026-05-08,search_console,1379.0,92.0,,,
2026-05-09,ga4,,,,1222.0,
2026-05-09,google_ads,17550.0,351.0,351.11,,6.0
2026-05-09,meta_ads,23350.0,467.0,466.85,,9.0
2026-05-09,search_console,1322.0,90.0,,,
2026-05-10,ga4,,,,1174.0,
2026-05-10,google_ads,17500.0,350.0,350.40999999999997,,7.0
2026-05-10,meta_ads,24050.0,481.0,480.34999999999997,,8.0
2026-05-10,search_console,1275.0,87.0,,,
2026-05-11,ga4,,,,1055.0,
2026-05-11,google_ads,15550.0,311.0,311.47,,6.0
2026-05-11,meta_ads,19400.0,388.0,387.27,,8.0
2026-05-11,search_console,1347.0,91.0,,,
2026-05-12,ga4,,,,1006.0,
2026-05-12,google_ads,15200.0,304.0,304.47,,6.0
2026-05-12,meta_ads,20250.0,405.0,405.25,,8.0
2026-05-12,search_console,1346.0,90.0,,,
2026-05-13,ga4,,,,984.0,
2026-05-13,google_ads,14950.0,299.0,299.38,,6.0
2026-05-13,meta_ads,20800.0,416.0,416.49,,8.0
2026-05-13,search_console,1333.0,90.0,,,
2026-05-14,ga4,,,,1023.0,
2026-05-14,google_ads,15000.0,300.0,299.6,,6.0
2026-05-14,meta_ads,20350.0,407.0,406.90999999999997,,8.0
2026-05-14,search_console,1336.0,91.0,,,
2026-05-15,ga4,,,,1016.0,
2026-05-15,google_ads,14900.0,298.0,297.43,,6.0
2026-05-15,meta_ads,19950.0,399.0,398.95,,8.0
2026-05-15,search_console,1273.0,85.0,,,
2026-05-16,ga4,,,,1210.0,
2026-05-16,google_ads,17800.0,356.0,356.13,,7.0
2026-05-16,meta_ads,24000.0,480.0,480.51,,8.0
2026-05-16,search_console,1333.0,90.0,,,
2026-05-17,ga4,,,,1196.0,
2026-05-17,google_ads,18300.0,366.0,366.26,,7.0
2026-05-17,meta_ads,22850.0,457.0,457.28999999999996,,9.0
2026-05-17,search_console,1369.0,93.0,,,
2026-05-18,ga4,,,,993.0,
2026-05-18,google_ads,15350.0,307.0,306.43,,6.0
2026-05-18,meta_ads,20850.0,417.0,416.94,,8.0
2026-05-18,search_console,1340.0,90.0,,,
2026-05-19,ga4,,,,1011.0,
2026-05-19,google_ads,14950.0,299.0,298.95,,6.0
2026-05-19,meta_ads,19150.0,383.0,382.6,,8.0
2026-05-19,search_console,1309.0,90.0,,,
2026-05-20,ga4,,,,1024.0,
2026-05-20,google_ads,15250.0,305.0,305.31,,6.0
2026-05-20,meta_ads,20300.0,406.0,405.51,,8.0
2026-05-20,search_console,1244.0,85.0,,,
2026-05-21,ga4,,,,991.0,
2026-05-21,google_ads,15500.0,310.0,309.58,,6.0
2026-05-21,meta_ads,19750.0,395.0,395.61,,8.0
2026-05-21,search_console,1307.0,88.0,,,
2026-05-22,ga4,,,,1005.0,
2026-05-22,google_ads,15150.0,303.0,302.69,,6.0
2026-05-22,meta_ads,19500.0,390.0,390.02,,8.0
2026-05-22,search_console,1271.0,88.0,,,
2026-05-23,ga4,,,,1130.0,
2026-05-23,google_ads,17650.0,353.0,352.75,,7.0
2026-05-23,meta_ads,22950.0,459.0,459.71,,8.0
2026-05-23,search_console,1346.0,91.0,,,
2026-05-24,ga4,,,,1231.0,
2026-05-24,google_ads,19000.0,380.0,379.57,,8.0
2026-05-24,meta_ads,24700.0,494.0,493.53999999999996,,11.0
2026-05-24,search_console,1270.0,87.0,,,
2026-05-25,ga4,,,,1012.0,
2026-05-25,google_ads,15050.0,301.0,300.99,,6.0
2026-05-25,meta_ads,19850.0,397.0,396.94,,8.0
2026-05-25,search_console,1337.0,90.0,,,
2026-05-26,ga4,,,,960.0,
2026-05-26,google_ads,15450.0,309.0,309.01,,6.0
2026-05-26,meta_ads,19150.0,383.0,383.7,,8.0
2026-05-26,search_console,1408.0,95.0,,,
2026-05-27,ga4,,,,1006.0,
2026-05-27,google_ads,14600.0,292.0,292.04,,6.0
2026-05-27,meta_ads,19500.0,390.0,388.65000000000003,,8.0
2026-05-27,search_console,1304.0,89.0,,,
